ID,Has_Description,Description,Description_WC,Vendor_Name,Vendor_Count,Product_Name,Product_Count,Version_Value,Version_Count,CPE_System_Type,CPE_System_Type_Count,CPE_Vendor_Name,CPE_Vendor_Name_Count,CPE_Product_Name,CPE_Product_Name_Count,CPE_Versions,CPE_Versions_Count,CPE_Update,CPE_Update_Count
CVE-2019-5737,True,"An attacker can cause a Denial of Service (DoS) by establishing an HTTP or HTTPS connection in keep-alive mode and by sending headers very slowly thereby keeping the connection and associated resources alive for a long period of time. Attack potential is mitigated by the use of a load balancer or other proxy layer. This vulnerability is an extension of CVE-2018-12121, addressed in November and impacts all active Node.js release lines including 6.x before 6.17.0, 8.x before 8.15.1, 10.x before 10.15.2, and 11.x before 11.10.1.",85,nodejs,0,node.js,0,"6.9.0,6.9.1,6.9.2,6.9.3,6.9.4,6.9.5,6.10.0,6.10.1,6.10.3,6.11.2,6.11.3,6.11.4,6.11.5,6.12.0,6.12.1,6.12.2,6.12.3,6.13.0,6.13.1,6.14.0,6.14.1,6.14.2,6.14.3,6.14.4,6.15.0,6.15.1,6.16.0,8.9.0,8.9.1,8.9.2,8.9.3,8.9.4,8.10.0,8.11.1,8.11.2,8.11.3,8.11.4,8.12.0,8.13.0,8.14.0,8.14.1,8.15.0,10.13.0,10.14.0,10.14.1,10.14.2,10.15.0,10.15.1",0,"{'o', 'a'}","[1, 4]","{'opensuse', 'nodejs'}","[1, 4]","{'node.js', 'leap'}","[4, 1]","{'*', '42.3'}","[4, 1]",{'*'},[5]
CVE-2019-5739,True,Keep-alive HTTP and HTTPS connections can remain open and inactive for up to 2 minutes in Node.js 6.16.0 and earlier. Node.js 8.0.0 introduced a dedicated server.keepAliveTimeout which defaults to 5 seconds. The behavior in Node.js 6.16.0 and earlier is a potential Denial of Service (DoS) attack vector. Node.js 6.17.0 introduces server.keepAliveTimeout and the 5-second default.,55,nodejs,0,node.js,0,6.16.0,0,"{'o', 'a'}","[1, 1]","{'opensuse', 'nodejs'}","[1, 1]","{'node.js', 'leap'}","[1, 1]","{'*', '42.3'}","[1, 1]",{'*'},[2]
CVE-2018-0734,True,The OpenSSL DSA signature algorithm has been shown to be vulnerable to a timing side channel attack. An attacker could use variations in the signing algorithm to recover the private key. Fixed in OpenSSL 1.1.1a (Affected 1.1.1). Fixed in OpenSSL 1.1.0j (Affected 1.1.0-1.1.0i). Fixed in OpenSSL 1.0.2q (Affected 1.0.2-1.0.2p).,49,netapp,0,cloud_backup,0,-,0,"{'h', 'o', 'a'}","[1, 6, 11]","{'debian', 'nodejs', 'netapp', 'canonical', 'openssl'}","[1, 4, 6, 4, 3]","{'ubuntu_linux', 'oncommand_unified_manager', 'debian_linux', 'santricity_smi-s_provider', 'cn1610', 'cloud_backup', 'steelstore', 'openssl', 'node.js', 'cn1610_firmware'}","[4, 1, 1, 1, 1, 1, 1, 3, 4, 1]","{'*', '14.04', '16.04', '1.1.1', '-', '18.04', '18.10', '9.0'}","[7, 1, 1, 1, 5, 1, 1, 1]",{'*'},[18]
CVE-2018-0735,True,The OpenSSL ECDSA signature algorithm has been shown to be vulnerable to a timing side channel attack. An attacker could use variations in the signing algorithm to recover the private key. Fixed in OpenSSL 1.1.0j (Affected 1.1.0-1.1.0i). Fixed in OpenSSL 1.1.1a (Affected 1.1.1).,43,netapp,0,cloud_backup,0,-,0,"{'h', 'o', 'a'}","[1, 7, 8]","{'debian', 'nodejs', 'netapp', 'canonical', 'openssl'}","[2, 2, 6, 4, 2]","{'ubuntu_linux', 'oncommand_unified_manager', 'debian_linux', 'santricity_smi-s_provider', 'cn1610', 'cloud_backup', 'steelstore', 'openssl', 'node.js', 'cn1610_firmware'}","[4, 1, 2, 1, 1, 1, 1, 2, 2, 1]","{'*', '14.04', '8.0', '16.04', '1.1.1', '-', '18.04', '18.10', '9.0'}","[4, 1, 1, 1, 1, 5, 1, 1, 1]",{'*'},[16]
CVE-2018-1000168,True,nghttp2 version >= 1.10.0 and nghttp2 <= v1.31.0 contains an Improper Input Validation CWE-20 vulnerability in ALTSVC frame handling that can result in segmentation fault leading to denial of service. This attack appears to be exploitable via network client. This vulnerability appears to have been fixed in >= 1.31.1.,49,nghttp2,2,nghttp2,2,"1.10.0,1.11.0,1.11.1,1.12.0,1.13.0,1.14.0,1.14.1,1.15.0,1.16.0,1.16.1,1.17.0,1.18.0,1.18.1,1.19.0,1.20.0,1.21.0,1.21.1,1.22.0,1.23.0,1.23.1,1.24.0,1.25.0,1.26.0,1.27.0,1.28.0,1.29.0,1.30.0,1.31.0",0,{'a'},[4],"{'nghttp2', 'nodejs'}","[1, 3]","{'nghttp2', 'node.js'}","[1, 3]",{'*'},[4],{'*'},[4]
CVE-2018-12115,True,"In all versions of Node.js prior to 6.14.4, 8.11.4 and 10.9.0 when used with UCS-2 encoding (recognized by Node.js under the names `'ucs2'`, `'ucs-2'`, `'utf16le'` and `'utf-16le'`), `Buffer#write()` can be abused to write outside of the bounds of a single `Buffer`. Writes that start from the second-to-last position of a buffer cause a miscalculation of the maximum length of the input bytes to be written.",65,nodejs,0,node.js,0,"0.0.1,0.0.2,0.0.3,0.0.4,0.0.5,0.0.6,0.1.0,0.1.1,0.1.2,0.1.3,0.1.4,0.1.5,0.1.6,0.1.7,0.1.8,0.1.9,0.1.10,0.1.11,0.1.12,0.1.13,0.1.14,0.1.15,0.1.16,0.1.17,0.1.18,0.1.19,0.1.20,0.1.21,0.1.22,0.1.23,0.1.24,0.1.25,0.1.26,0.1.27,0.1.28,0.1.29,0.1.30,0.1.31,0.1.32,0.1.33,0.1.90,0.1.91,0.1.92,0.1.93,0.1.94,0.1.95,0.1.96,0.1.97,0.1.98,0.1.99,0.1.100,0.1.101,0.1.102,0.1.103,0.1.104,0.2.0,0.2.1,0.2.2,0.2.3,0.2.4,0.2.5,0.2.6,0.3.0,0.3.1,0.3.2,0.3.3,0.3.4,0.3.5,0.3.6,0.3.7,0.3.8,0.4.0,0.4.1,0.4.2,0.4.3,0.4.4,0.4.5,0.4.6,0.4.7,0.4.8,0.4.9,0.4.10,0.4.11,0.4.12,0.5.0,0.5.1,0.5.2,0.5.3,0.5.4,0.5.5,0.5.6,0.5.7,0.5.8,0.5.9,0.5.10,0.6.0,0.6.1,0.6.2,0.6.3,0.6.4,0.6.5,0.6.6,0.6.7,0.6.8,0.6.9,0.6.10,0.6.11,0.6.12,0.6.13,0.6.14,0.6.15,0.6.16,0.6.17,0.6.18,0.6.19,0.6.20,0.6.21,0.7.0,0.7.1,0.7.2,0.7.3,0.7.4,0.7.5,0.7.6,0.7.7,0.7.8,0.7.9,0.7.10,0.7.11,0.7.12,0.8.0,0.8.1,0.8.2,0.8.3,0.8.4,0.8.5,0.8.6,0.8.7,0.8.8,0.8.9,0.8.10,0.8.11,0.8.12,0.8.13,0.8.14,0.8.15,0.8.16,0.8.17,0.8.18,0.8.19,0.8.20,0.8.21,0.8.22,0.8.23,0.8.24,0.8.25,0.8.26,0.8.27,0.8.28,0.9.0,0.9.1,0.9.2,0.9.3,0.9.4,0.9.5,0.9.6,0.9.7,0.9.8,0.9.9,0.9.10,0.9.11,0.9.12,0.10.0,0.10.1,0.10.2,0.10.3,0.10.4,0.10.5,0.10.6,0.10.7,0.10.8,0.10.9,0.10.10,0.10.11,0.10.12,0.10.13,0.10.14,0.10.15,0.10.16,0.10.16-isaacs-manual,0.10.17,0.10.18,0.10.19,0.10.20,0.10.21,0.10.22,0.10.23,0.10.24,0.10.25,0.10.26,0.10.27,0.10.28,0.10.29,0.10.30,0.10.31,0.10.32,0.10.33,0.10.34,0.10.35,0.10.36,0.10.37,0.10.38,0.10.39,0.10.40,0.10.41,0.10.42,0.10.43,0.10.44,0.10.45,0.10.46,0.10.47,0.10.48,0.11.0,0.11.1,0.11.2,0.11.3,0.11.4,0.11.5,0.11.6,0.11.7,0.11.8,0.11.9,0.11.10,0.11.11,0.11.12,0.11.13,0.11.14,0.11.15,0.11.16,0.12.0,0.12.1,0.12.2,0.12.3,0.12.4,0.12.5,0.12.6,0.12.7,0.12.8,0.12.9,0.12.10,0.12.11,0.12.12,0.12.13,0.12.14,0.12.15,0.12.16,0.12.17,0.12.18,1.0.0,1.0.1,1.0.2,1.0.3,1.0.4,1.1.0,1.2.0,1.3.0,1.4.1,1.4.2,1.4.3,1.5.0,1.5.1,1.6.0,1.6.1,1.6.2,1.6.3,1.6.4,1.7.0,1.7.1,1.8.1,1.8.2,1.8.3,1.8.4,2.0.0,2.0.1,2.0.2,2.1.0,2.2.0,2.2.1,2.3.0,2.3.1,2.3.2,2.3.3,2.3.4,2.4.0,2.5.0,3.0.0,3.1.0,3.2.0,3.3.0,3.3.1,4.0.0,4.1.0,4.1.1,4.1.2,4.2.0,4.2.1,4.2.2,4.2.3,4.2.4,4.2.5,4.2.6,4.3.0,4.3.1,4.3.2,4.4.0,4.4.1,4.4.2,4.4.3,4.4.4,4.4.5,4.4.6,4.4.7,4.5.0,4.6.0,4.6.1,4.6.2,4.7.0,4.7.1,4.7.2,4.7.3,4.8.0,4.8.1,4.8.2,4.8.3,4.8.4,4.8.5,4.8.6,4.8.7,4.9.0,4.9.1,5.0.0,5.1.0,5.1.1,5.2.0,5.3.0,5.4.0,5.4.1,5.5.0,5.6.0,5.7.0,5.7.1,5.8.0,5.9.0,5.9.1,5.10.0,5.10.1,5.11.0,5.11.1,5.12.0,6.0.0,6.1.0,6.2.0,6.2.1,6.2.2,6.3.0,6.3.1,6.4.0,6.5.0,6.6.0,6.7.0,6.8.0,6.8.1,6.9.0,6.9.1,6.9.2,6.9.3,6.9.4,6.9.5,6.10.0,6.10.1,6.10.2,6.10.3,6.11.0,6.11.1,6.11.2,6.11.3,6.11.4,6.11.5,6.12.0,6.12.1,6.12.2,6.12.3,6.13.0,6.13.1,6.14.0,6.14.1,6.14.2,6.14.3,8.0.0,8.1.0,8.1.1,8.1.2,8.1.3,8.1.4,8.2.0,8.2.1,8.3.0,8.4.0,8.5.0,8.6.0,8.7.0,8.8.0,8.8.1,8.9.0,8.9.1,8.9.2,8.9.3,8.9.4,8.10.0,8.11.0,8.11.1,8.11.2,8.11.3,10.0.0,10.1.0,10.2.0,10.2.1,10.3.0,10.4.0,10.4.1,10.5.0,10.6.0,10.7.0,10.8.0",0,{'a'},[4],"{'redhat', 'nodejs'}","[1, 3]","{'node.js', 'openshift_container_platform'}","[3, 1]","{'*', '3.11'}","[3, 1]",{'*'},[4]
CVE-2018-12116,True,"Node.js: All versions prior to Node.js 6.15.0 and 8.14.0: HTTP request splitting: If Node.js can be convinced to use unsanitized user-provided Unicode data for the `path` option of an HTTP request, then data can be provided which will trigger a second, unexpected, and user-defined HTTP request to made to the same server.",52,nodejs,0,node.js,0,"6.0.0,6.1.0,6.2.0,6.2.1,6.2.2,6.3.0,6.3.1,6.4.0,6.5.0,6.6.0,6.7.0,6.8.0,6.8.1,6.9.0,6.9.1,6.9.2,6.9.3,6.9.4,6.9.5,6.10.0,6.10.1,6.10.2,6.10.3,6.11.0,6.11.1,6.11.2,6.11.3,6.11.4,6.11.5,6.12.0,6.12.1,6.12.2,6.12.3,6.13.0,6.13.1,6.14.0,6.14.1,6.14.2,6.14.3,6.14.4,6.15.0,8.0.0,8.1.0,8.1.1,8.1.2,8.1.3,8.1.4,8.2.0,8.2.1,8.3.0,8.4.0,8.5.0,8.6.0,8.7.0,8.8.0,8.8.1,8.9.0,8.9.1,8.9.2,8.9.3,8.9.4,8.10.0,8.11.0,8.11.1,8.11.2,8.11.3,8.11.4,8.12.0,8.13.0,8.14.0,10.0.0,10.1.0,10.2.0,10.2.1,10.3.0,10.4.0,10.4.1,10.5.0,10.6.0,10.7.0,10.8.0,10.9.0,10.10.0,10.11.0,10.12.0,10.13.0,10.14.0",0,"{'o', 'a'}","[4, 5]","{'suse', 'joyent', 'nodejs'}","[5, 1, 3]","{'suse_linux_enterprise_server', 'node.js', 'suse_enterprise_storage', 'suse_openstack_cloud'}","[2, 4, 1, 2]","{'*', '8', '4', '15', '12', '7'}","[4, 1, 1, 1, 1, 1]",{'*'},[9]
CVE-2018-12120,True,"Node.js: All versions prior to Node.js 6.15.0: Debugger port 5858 listens on any interface by default: When the debugger is enabled with `node --debug` or `node debug`, it listens to port 5858 on all interfaces by default. This may allow remote computers to attach to the debug port and evaluate arbitrary JavaScript. The default interface is now localhost. It has always been possible to start the debugger on a specific interface, such as `node --debug=localhost`. The debugger was removed in Node.js 8 and replaced with the inspector, so no versions from 8 and later are vulnerable.",96,nodejs,0,node.js,0,"6.0.0,6.1.0,6.2.0,6.2.1,6.2.2,6.3.0,6.3.1,6.4.0,6.5.0,6.6.0,6.7.0,6.8.0,6.8.1,6.9.0,6.9.1,6.9.2,6.9.3,6.9.4,6.9.5,6.10.0,6.10.1,6.10.2,6.10.3,6.11.0,6.11.1,6.11.2,6.11.3,6.11.4,6.11.5,6.12.0,6.12.1,6.12.2,6.12.3,6.13.0,6.13.1,6.14.0,6.14.1,6.14.2,6.14.3,6.14.4,6.15.0",0,{'a'},[1],{'nodejs'},[1],{'node.js'},[1],{'*'},[1],{'*'},[1]
CVE-2018-12121,True,"Node.js: All versions prior to Node.js 6.15.0, 8.14.0, 10.14.0 and 11.3.0: Denial of Service with large HTTP headers: By using a combination of many requests with maximum sized headers (almost 80 KB per connection), and carefully timed completion of the headers, it is possible to cause the HTTP server to abort from heap allocation failure. Attack potential is mitigated by the use of a load balancer or other proxy layer.",70,nodejs,0,node.js,0,"6.0.0,6.1.0,6.2.0,6.2.1,6.2.2,6.3.0,6.3.1,6.4.0,6.5.0,6.6.0,6.7.0,6.8.0,6.8.1,6.9.0,6.9.1,6.9.2,6.9.3,6.9.4,6.9.5,6.10.0,6.10.1,6.10.2,6.10.3,6.11.0,6.11.1,6.11.2,6.11.3,6.11.4,6.11.5,6.12.0,6.12.1,6.12.2,6.12.3,6.13.0,6.13.1,6.14.0,6.14.1,6.14.2,6.14.3,6.14.4,6.15.0,8.0.0,8.1.0,8.1.1,8.1.2,8.1.3,8.1.4,8.2.0,8.2.1,8.3.0,8.4.0,8.5.0,8.6.0,8.7.0,8.8.0,8.8.1,8.9.0,8.9.1,8.9.2,8.9.3,8.9.4,8.10.0,8.11.0,8.11.1,8.11.2,8.11.3,8.11.4,8.12.0,8.13.0,8.14.0,10.0.0,10.1.0,10.2.0,10.2.1,10.3.0,10.4.0,10.4.1,10.5.0,10.6.0,10.7.0,10.8.0,10.9.0,10.10.0,10.11.0,10.12.0,10.13.0,10.14.0",0,{'a'},[4],"{'joyent', 'nodejs'}","[1, 3]",{'node.js'},[4],{'*'},[4],{'*'},[4]
CVE-2018-12122,True,"Node.js: All versions prior to Node.js 6.15.0, 8.14.0, 10.14.0 and 11.3.0: Slowloris HTTP Denial of Service: An attacker can cause a Denial of Service (DoS) by sending headers very slowly keeping HTTP or HTTPS connections and associated resources alive for a long period of time.",45,nodejs,0,node.js,0,"6.0.0,6.1.0,6.2.0,6.2.1,6.2.2,6.3.0,6.3.1,6.4.0,6.5.0,6.6.0,6.7.0,6.8.0,6.8.1,6.9.0,6.9.1,6.9.2,6.9.3,6.9.4,6.9.5,6.10.0,6.10.1,6.10.2,6.10.3,6.11.0,6.11.1,6.11.2,6.11.3,6.11.4,6.11.5,6.12.0,6.12.1,6.12.2,6.12.3,6.13.0,6.13.1,6.14.0,6.14.1,6.14.2,6.14.3,6.14.4,6.15.0,8.0.0,8.1.0,8.1.1,8.1.2,8.1.3,8.1.4,8.2.0,8.2.1,8.3.0,8.4.0,8.5.0,8.6.0,8.7.0,8.8.0,8.8.1,8.9.0,8.9.1,8.9.2,8.9.3,8.9.4,8.10.0,8.11.0,8.11.1,8.11.2,8.11.3,8.11.4,8.12.0,8.13.0,8.14.0,10.0.0,10.1.0,10.2.0,10.2.1,10.3.0,10.4.0,10.4.1,10.5.0,10.6.0,10.7.0,10.8.0,10.9.0,10.10.0,10.11.0,10.12.0,10.13.0,10.14.0",0,"{'o', 'a'}","[4, 5]","{'suse', 'joyent', 'nodejs'}","[5, 1, 3]","{'suse_linux_enterprise_server', 'node.js', 'suse_enterprise_storage', 'suse_openstack_cloud'}","[2, 4, 1, 2]","{'*', '8', '4', '15', '12', '7'}","[4, 1, 1, 1, 1, 1]",{'*'},[9]
CVE-2018-12123,True,"Node.js: All versions prior to Node.js 6.15.0, 8.14.0, 10.14.0 and 11.3.0: Hostname spoofing in URL parser for javascript protocol: If a Node.js application is using url.parse() to determine the URL hostname, that hostname can be spoofed by using a mixed case ""javascript:"" (e.g. ""javAscript:"") protocol (other protocols are not affected). If security decisions are made about the URL based on the hostname, they may be incorrect.",66,nodejs,0,node.js,0,"6.0.0,6.1.0,6.2.0,6.2.1,6.2.2,6.3.0,6.3.1,6.4.0,6.5.0,6.6.0,6.7.0,6.8.0,6.8.1,6.9.0,6.9.1,6.9.2,6.9.3,6.9.4,6.9.5,6.10.0,6.10.1,6.10.2,6.10.3,6.11.0,6.11.1,6.11.2,6.11.3,6.11.4,6.11.5,6.12.0,6.12.1,6.12.2,6.12.3,6.13.0,6.13.1,6.14.0,6.14.1,6.14.2,6.14.3,6.14.4,6.15.0,8.0.0,8.1.0,8.1.1,8.1.2,8.1.3,8.1.4,8.2.0,8.2.1,8.3.0,8.4.0,8.5.0,8.6.0,8.7.0,8.8.0,8.8.1,8.9.0,8.9.1,8.9.2,8.9.3,8.9.4,8.10.0,8.11.0,8.11.1,8.11.2,8.11.3,8.11.4,8.12.0,8.13.0,8.14.0,10.0.0,10.1.0,10.2.0,10.2.1,10.3.0,10.4.0,10.4.1,10.5.0,10.6.0,10.7.0,10.8.0,10.9.0,10.10.0,10.11.0,10.12.0,10.13.0,10.14.0,11.0.0,11.1.0,11.2.0,11.3.0",0,{'a'},[4],{'nodejs'},[4],{'node.js'},[4],{'*'},[4],{'*'},[4]
CVE-2018-5407,True,Simultaneous Multi-threading (SMT) in processors can enable local users to exploit software vulnerable to timing attacks via a side-channel timing attack on 'port contention'.,24,nodejs,0,node.js,0,"0.0.1,0.0.2,0.0.3,0.0.4,0.0.5,0.0.6,0.1.0,0.1.1,0.1.2,0.1.3,0.1.4,0.1.5,0.1.6,0.1.7,0.1.8,0.1.9,0.1.10,0.1.11,0.1.12,0.1.13,0.1.14,0.1.15,0.1.16,0.1.17,0.1.18,0.1.19,0.1.20,0.1.21,0.1.22,0.1.23,0.1.24,0.1.25,0.1.26,0.1.27,0.1.28,0.1.29,0.1.30,0.1.31,0.1.32,0.1.33,0.1.90,0.1.91,0.1.92,0.1.93,0.1.94,0.1.95,0.1.96,0.1.97,0.1.98,0.1.99,0.1.100,0.1.101,0.1.102,0.1.103,0.1.104,0.2.0,0.2.1,0.2.2,0.2.3,0.2.4,0.2.5,0.2.6,0.3.0,0.3.1,0.3.2,0.3.3,0.3.4,0.3.5,0.3.6,0.3.7,0.3.8,0.4.0,0.4.1,0.4.2,0.4.3,0.4.4,0.4.5,0.4.6,0.4.7,0.4.8,0.4.9,0.4.10,0.4.11,0.4.12,0.5.0,0.5.1,0.5.2,0.5.3,0.5.4,0.5.5,0.5.6,0.5.7,0.5.8,0.5.9,0.5.10,0.6.0,0.6.1,0.6.2,0.6.3,0.6.4,0.6.5,0.6.6,0.6.7,0.6.8,0.6.9,0.6.10,0.6.11,0.6.12,0.6.13,0.6.14,0.6.15,0.6.16,0.6.17,0.6.18,0.6.19,0.6.20,0.6.21,0.7.0,0.7.1,0.7.2,0.7.3,0.7.4,0.7.5,0.7.6,0.7.7,0.7.8,0.7.9,0.7.10,0.7.11,0.7.12,0.8.0,0.8.1,0.8.2,0.8.3,0.8.4,0.8.5,0.8.6,0.8.7,0.8.8,0.8.9,0.8.10,0.8.11,0.8.12,0.8.13,0.8.14,0.8.15,0.8.16,0.8.17,0.8.18,0.8.19,0.8.20,0.8.21,0.8.22,0.8.23,0.8.24,0.8.25,0.8.26,0.8.27,0.8.28,0.9.0,0.9.1,0.9.2,0.9.3,0.9.4,0.9.5,0.9.6,0.9.7,0.9.8,0.9.9,0.9.10,0.9.11,0.9.12,0.10.0,0.10.1,0.10.2,0.10.3,0.10.4,0.10.5,0.10.6,0.10.7,0.10.8,0.10.9,0.10.10,0.10.11,0.10.12,0.10.13,0.10.14,0.10.15,0.10.16,0.10.16-isaacs-manual,0.10.17,0.10.18,0.10.19,0.10.20,0.10.21,0.10.22,0.10.23,0.10.24,0.10.25,0.10.26,0.10.27,0.10.28,0.10.29,0.10.30,0.10.31,0.10.32,0.10.33,0.10.34,0.10.35,0.10.36,0.10.37,0.10.38,0.10.39,0.10.40,0.10.41,0.10.42,0.10.43,0.10.44,0.10.45,0.10.46,0.10.47,0.10.48,0.11.0,0.11.1,0.11.2,0.11.3,0.11.4,0.11.5,0.11.6,0.11.7,0.11.8,0.11.9,0.11.10,0.11.11,0.11.12,0.11.13,0.11.14,0.11.15,0.11.16,0.12.0,0.12.1,0.12.2,0.12.3,0.12.4,0.12.5,0.12.6,0.12.7,0.12.8,0.12.9,0.12.10,0.12.11,0.12.12,0.12.13,0.12.14,0.12.15,0.12.16,0.12.17,0.12.18,1.0.0,1.0.1,1.0.2,1.0.3,1.0.4,1.1.0,1.2.0,1.3.0,1.4.1,1.4.2,1.4.3,1.5.0,1.5.1,1.6.0,1.6.1,1.6.2,1.6.3,1.6.4,1.7.0,1.7.1,1.8.1,1.8.2,1.8.3,1.8.4,2.0.0,2.0.1,2.0.2,2.1.0,2.2.0,2.2.1,2.3.0,2.3.1,2.3.2,2.3.3,2.3.4,2.4.0,2.5.0,3.0.0,3.1.0,3.2.0,3.3.0,3.3.1,4.0.0,4.1.0,4.1.1,4.1.2,4.2.0,4.2.1,4.2.2,4.2.3,4.2.4,4.2.5,4.2.6,4.3.0,4.3.1,4.3.2,4.4.0,4.4.1,4.4.2,4.4.3,4.4.4,4.4.5,4.4.6,4.4.7,4.5.0,4.6.0,4.6.1,4.6.2,4.7.0,4.7.1,4.7.2,4.7.3,4.8.0,4.8.1,4.8.2,4.8.3,4.8.4,4.8.5,4.8.6,4.8.7,4.9.0,4.9.1,5.0.0,5.1.0,5.1.1,5.2.0,5.3.0,5.4.0,5.4.1,5.5.0,5.6.0,5.7.0,5.7.1,5.8.0,5.9.0,5.9.1,5.10.0,5.10.1,5.11.0,5.11.1,5.12.0,6.0.0,6.1.0,6.2.0,6.2.1,6.2.2,6.3.0,6.3.1,6.4.0,6.5.0,6.6.0,6.7.0,6.8.0,6.8.1,6.9.0,6.9.1,6.9.2,6.9.3,6.9.4,6.9.5,6.10.0,6.10.1,6.10.2,6.10.3,6.11.0,6.11.1,6.11.2,6.11.3,6.11.4,6.11.5,6.12.0,6.12.1,6.12.2,6.12.3,6.13.0,6.13.1,6.14.0,6.14.1,6.14.2,6.14.3,8.0.0,8.1.0,8.1.1,8.1.2,8.1.3,8.1.4,8.2.0,8.2.1,8.3.0,8.4.0,8.5.0,8.6.0,8.7.0,8.8.0,8.8.1,8.9.0,8.9.1,8.9.2,8.9.3,8.9.4,8.10.0,8.11.0,8.11.1,8.11.2,8.11.3,10.0.0,10.1.0,10.2.0,10.2.1,10.3.0,10.4.0,10.4.1,10.5.0,10.6.0,10.7.0,10.8.0",0,"{'o', 'a'}","[13, 6]","{'debian', 'nodejs', 'oracle', 'redhat', 'tenable', 'canonical', 'openssl'}","[2, 3, 1, 7, 1, 4, 1]","{'enterprise_linux_workstation', 'vm_virtualbox', 'ubuntu_linux', 'enterprise_linux_server_tus', 'enterprise_linux_server', 'debian_linux', 'enterprise_linux_server_eus', 'enterprise_linux_desktop', 'openssl', 'node.js', 'nessus', 'enterprise_linux_server_aus'}","[1, 1, 4, 1, 2, 2, 1, 1, 1, 3, 1, 1]","{'*', '7.0', '14.04', '8.0', '16.04', '18.04', '7.6', '18.10', '9.0'}","[6, 3, 1, 1, 1, 1, 4, 1, 1]",{'*'},[19]
CVE-2018-7158,True,"The `'path'` module in the Node.js 4.x release line contains a potential regular expression denial of service (ReDoS) vector. The code in question was replaced in Node.js 6.x and later so this vulnerability only impacts all versions of Node.js 4.x. The regular expression, `splitPathRe`, used within the `'path'` module for the various path parsing functions, including `path.dirname()`, `path.extname()` and `path.parse()` was structured in such a way as to allow an attacker to craft a string, that when passed through one of these functions, could take a significant amount of time to evaluate, potentially leading to a full denial of service.",100,nodejs,0,node.js,0,"4.0.0,4.1.0,4.1.1,4.1.2,4.2.0,4.2.1,4.2.2,4.2.3,4.2.4,4.2.5,4.2.6,4.3.0,4.3.1,4.3.2,4.4.0,4.4.1,4.4.2,4.4.3,4.4.4,4.4.5,4.4.6,4.4.7,4.5.0,4.6.0,4.6.1,4.6.2,4.7.0,4.7.1,4.7.2,4.7.3,4.8.0,4.8.1,4.8.2,4.8.3,4.8.4,4.8.5,4.8.6,4.8.7,4.9.0,4.9.1,5.0.0,5.1.0,5.1.1,5.2.0,5.3.0,5.4.0,5.4.1,5.5.0,5.6.0,5.7.0,5.7.1,5.8.0,5.9.0,5.9.1,5.10.0,5.10.1,5.11.0,5.11.1,5.12.0",0,{'a'},[1],{'nodejs'},[1],{'node.js'},[1],{'*'},[1],{'*'},[1]
CVE-2018-7159,True,"The HTTP parser in all current versions of Node.js ignores spaces in the `Content-Length` header, allowing input such as `Content-Length: 1 2` to be interpreted as having a value of `12`. The HTTP specification does not allow for spaces in the `Content-Length` value and the Node.js HTTP parser has been brought into line on this particular difference. The security risk of this flaw to Node.js users is considered to be VERY LOW as it is difficult, and may be impossible, to craft an attack that makes use of this flaw in a way that could not already be achieved by supplying an incorrect value for `Content-Length`. Vulnerabilities may exist in user-code that make incorrect assumptions about the potential accuracy of this value compared to the actual length of the data supplied. Node.js users crafting lower-level HTTP utilities are advised to re-check the length of any input supplied after parsing is complete.",151,nodejs,0,node.js,0,"0.0.1,0.0.2,0.0.3,0.0.4,0.0.5,0.0.6,0.1.0,0.1.1,0.1.2,0.1.3,0.1.4,0.1.5,0.1.6,0.1.7,0.1.8,0.1.9,0.1.10,0.1.11,0.1.12,0.1.13,0.1.14,0.1.15,0.1.16,0.1.17,0.1.18,0.1.19,0.1.20,0.1.21,0.1.22,0.1.23,0.1.24,0.1.25,0.1.26,0.1.27,0.1.28,0.1.29,0.1.30,0.1.31,0.1.32,0.1.33,0.1.90,0.1.91,0.1.92,0.1.93,0.1.94,0.1.95,0.1.96,0.1.97,0.1.98,0.1.99,0.1.100,0.1.101,0.1.102,0.1.103,0.1.104,0.2.0,0.2.1,0.2.2,0.2.3,0.2.4,0.2.5,0.2.6,0.3.0,0.3.1,0.3.2,0.3.3,0.3.4,0.3.5,0.3.6,0.3.7,0.3.8,0.4.0,0.4.1,0.4.2,0.4.3,0.4.4,0.4.5,0.4.6,0.4.7,0.4.8,0.4.9,0.4.10,0.4.11,0.4.12,0.5.0,0.5.1,0.5.2,0.5.3,0.5.4,0.5.5,0.5.6,0.5.7,0.5.8,0.5.9,0.5.10,0.6.0,0.6.1,0.6.2,0.6.3,0.6.4,0.6.5,0.6.6,0.6.7,0.6.8,0.6.9,0.6.10,0.6.11,0.6.12,0.6.13,0.6.14,0.6.15,0.6.16,0.6.17,0.6.18,0.6.19,0.6.20,0.6.21,0.7.0,0.7.1,0.7.2,0.7.3,0.7.4,0.7.5,0.7.6,0.7.7,0.7.8,0.7.9,0.7.10,0.7.11,0.7.12,0.8.0,0.8.1,0.8.2,0.8.3,0.8.4,0.8.5,0.8.6,0.8.7,0.8.8,0.8.9,0.8.10,0.8.11,0.8.12,0.8.13,0.8.14,0.8.15,0.8.16,0.8.17,0.8.18,0.8.19,0.8.20,0.8.21,0.8.22,0.8.23,0.8.24,0.8.25,0.8.26,0.8.27,0.8.28,0.9.0,0.9.1,0.9.2,0.9.3,0.9.4,0.9.5,0.9.6,0.9.7,0.9.8,0.9.9,0.9.10,0.9.11,0.9.12,0.10.0,0.10.1,0.10.2,0.10.3,0.10.4,0.10.5,0.10.6,0.10.7,0.10.8,0.10.9,0.10.10,0.10.11,0.10.12,0.10.13,0.10.14,0.10.15,0.10.16,0.10.16-isaacs-manual,0.10.17,0.10.18,0.10.19,0.10.20,0.10.21,0.10.22,0.10.23,0.10.24,0.10.25,0.10.26,0.10.27,0.10.28,0.10.29,0.10.30,0.10.31,0.10.32,0.10.33,0.10.34,0.10.35,0.10.36,0.10.37,0.10.38,0.10.39,0.10.40,0.10.41,0.10.42,0.10.43,0.10.44,0.10.45,0.10.46,0.10.47,0.10.48,0.11.0,0.11.1,0.11.2,0.11.3,0.11.4,0.11.5,0.11.6,0.11.7,0.11.8,0.11.9,0.11.10,0.11.11,0.11.12,0.11.13,0.11.14,0.11.15,0.11.16,0.12.0,0.12.1,0.12.2,0.12.3,0.12.4,0.12.5,0.12.6,0.12.7,0.12.8,0.12.9,0.12.10,0.12.11,0.12.12,0.12.13,0.12.14,0.12.15,0.12.16,0.12.17,0.12.18,1.0.0,1.0.1,1.0.2,1.0.3,1.0.4,1.1.0,1.2.0,1.3.0,1.4.1,1.4.2,1.4.3,1.5.0,1.5.1,1.6.0,1.6.1,1.6.2,1.6.3,1.6.4,1.7.0,1.7.1,1.8.1,1.8.2,1.8.3,1.8.4,2.0.0,2.0.1,2.0.2,2.1.0,2.2.0,2.2.1,2.3.0,2.3.1,2.3.2,2.3.3,2.3.4,2.4.0,2.5.0,3.0.0,3.1.0,3.2.0,3.3.0,3.3.1,4.0.0,4.1.0,4.1.1,4.1.2,4.2.0,4.2.1,4.2.2,4.2.3,4.2.4,4.2.5,4.2.6,4.3.0,4.3.1,4.3.2,4.4.0,4.4.1,4.4.2,4.4.3,4.4.4,4.4.5,4.4.6,4.4.7,4.5.0,4.6.0,4.6.1,4.6.2,4.7.0,4.7.1,4.7.2,4.7.3,4.8.0,4.8.1,4.8.2,4.8.3,4.8.4,4.8.5,4.8.6,4.8.7,4.9.0,4.9.1,5.0.0,5.1.0,5.1.1,5.2.0,5.3.0,5.4.0,5.4.1,5.5.0,5.6.0,5.7.0,5.7.1,5.8.0,5.9.0,5.9.1,5.10.0,5.10.1,5.11.0,5.11.1,5.12.0,6.0.0,6.1.0,6.2.0,6.2.1,6.2.2,6.3.0,6.3.1,6.4.0,6.5.0,6.6.0,6.7.0,6.8.0,6.8.1,6.9.0,6.9.1,6.9.2,6.9.3,6.9.4,6.9.5,6.10.0,6.10.1,6.10.2,6.10.3,6.11.0,6.11.1,6.11.2,6.11.3,6.11.4,6.11.5,6.12.0,6.12.1,6.12.2,6.12.3,6.13.0,6.13.1,6.14.0,6.14.1,6.14.2,6.14.3,6.14.4,6.15.0,6.15.1,6.16.0,7.0.0,7.1.0,7.2.0,7.2.1,7.3.0,7.4.0,7.5.0,7.6.0,7.7.0,7.7.1,7.7.2,7.7.3,7.7.4,7.8.0,7.9.0,7.10.0,7.10.1,8.0.0,8.1.0,8.1.1,8.1.2,8.1.3,8.1.4,8.2.0,8.2.1,8.3.0,8.4.0,8.5.0,8.6.0,8.7.0,8.8.0,8.8.1,8.9.0,8.9.1,8.9.2,8.9.3,8.9.4,8.10.0,8.11.0,8.11.1,8.11.2,8.11.3,8.11.4,8.12.0,8.13.0,8.14.0,8.14.1,8.15.0,8.15.1,9.0.0,9.1.0,9.2.0,9.2.1,9.3.0,9.4.0,9.5.0,9.6.0,9.6.1,9.7.0,9.7.1,9.8.0,9.9.0",0,{'a'},[1],{'nodejs'},[1],{'node.js'},[1],{'*'},[1],{'*'},[1]
CVE-2018-7160,True,"The Node.js inspector, in 6.x and later is vulnerable to a DNS rebinding attack which could be exploited to perform remote code execution. An attack is possible from malicious websites open in a web browser on the same computer, or another computer with network access to the computer running the Node.js process. A malicious website could use a DNS rebinding attack to trick the web browser to bypass same-origin-policy checks and to allow HTTP connections to localhost or to hosts on the local network. If a Node.js process with the debug port active is running on localhost or on a host on the local network, the malicious website could connect to it as a debugger, and get full code execution access.",121,nodejs,0,node.js,0,"6.0.0,6.1.0,6.2.0,6.2.1,6.2.2,6.3.0,6.3.1,6.4.0,6.5.0,6.6.0,6.7.0,6.8.0,6.8.1,6.9.0,6.9.1,6.9.2,6.9.3,6.9.4,6.9.5,6.10.0,6.10.1,6.10.2,6.10.3,6.11.0,6.11.1,6.11.2,6.11.3,6.11.4,6.11.5,6.12.0,6.12.1,6.12.2,6.12.3,6.13.0,6.13.1,6.14.0,6.14.1,6.14.2,6.14.3,6.14.4,6.15.0,6.15.1,6.16.0,7.0.0,7.1.0,7.2.0,7.2.1,7.3.0,7.4.0,7.5.0,7.6.0,7.7.0,7.7.1,7.7.2,7.7.3,7.7.4,7.8.0,7.9.0,7.10.0,7.10.1,8.0.0,8.1.0,8.1.1,8.1.2,8.1.3,8.1.4,8.2.0,8.2.1,8.3.0,8.4.0,8.5.0,8.6.0,8.7.0,8.8.0,8.8.1,8.9.0,8.9.1,8.9.2,8.9.3,8.9.4,8.10.0,8.11.0,8.11.1,8.11.2,8.11.3,8.11.4,8.12.0,8.13.0,8.14.0,8.14.1,8.15.0,8.15.1,9.0.0,9.1.0,9.2.0,9.2.1,9.3.0,9.4.0,9.5.0,9.6.0,9.6.1,9.7.0,9.7.1,9.8.0,9.9.0,9.10.0,9.10.1,9.11.0,9.11.1,9.11.2,10.0.0,10.1.0,10.2.0,10.2.1,10.3.0,10.4.0,10.4.1,10.5.0,10.6.0,10.7.0,10.8.0,10.9.0,10.10.0,10.11.0,10.12.0,10.13.0,10.14.0,10.14.1,10.14.2,10.15.0,10.15.1,10.15.2,11.0.0,11.1.0,11.2.0,11.3.0,11.4.0,11.5.0,11.6.0,11.7.0,11.8.0",0,{'a'},[1],{'nodejs'},[1],{'node.js'},[1],{'*'},[1],{'*'},[1]
CVE-2018-7161,True,"All versions of Node.js 8.x, 9.x, and 10.x are vulnerable and the severity is HIGH. An attacker can cause a denial of service (DoS) by causing a node server providing an http2 server to crash. This can be accomplished by interacting with the http2 server in a manner that triggers a cleanup bug where objects are used in native code after they are no longer available. This has been addressed by updating the http2 implementation.",75,nodejs,0,node.js,0,"8.0.0,8.1.0,8.1.1,8.1.2,8.1.3,8.1.4,8.2.0,8.2.1,8.3.0,8.4.0,8.5.0,8.6.0,8.7.0,8.8.0,8.8.1,8.9.0,8.9.1,8.9.2,8.9.3,8.9.4,8.10.0,8.11.0,8.11.1,8.11.2,9.0.0,9.1.0,9.2.0,9.2.1,9.3.0,9.4.0,9.5.0,9.6.0,9.6.1,9.7.0,9.7.1,9.8.0,9.9.0,9.10.0,9.10.1,9.11.0,9.11.1,9.11.2,10.0.0,10.1.0,10.2.0,10.2.1,10.3.0,10.4.0,10.4.1,10.5.0,10.6.0,10.7.0",0,{'a'},[3],{'nodejs'},[3],{'node.js'},[3],{'*'},[3],{'*'},[3]
CVE-2018-7162,True,All versions of Node.js 9.x and 10.x are vulnerable and the severity is HIGH. An attacker can cause a denial of service (DoS) by causing a node process which provides an http server supporting TLS server to crash. This can be accomplished by sending duplicate/unexpected messages during the handshake. This vulnerability has been addressed by updating the TLS implementation.,59,nodejs,0,node.js,0,"9.0.0,9.1.0,9.2.0,9.2.1,9.3.0,9.4.0,9.5.0,9.6.0,9.6.1,9.7.0,9.7.1,9.8.0,9.9.0,9.10.0,9.10.1,9.11.0,9.11.1,9.11.2,10.0.0,10.1.0,10.2.0,10.2.1,10.3.0,10.4.0,10.4.1,10.5.0,10.6.0,10.7.0",0,{'a'},[2],{'nodejs'},[2],{'node.js'},[2],{'*'},[2],{'*'},[2]
CVE-2018-7164,True,Node.js versions 9.7.0 and later and 10.x are vulnerable and the severity is MEDIUM. A bug introduced in 9.7.0 increases the memory consumed when reading from the network into JavaScript using the net.Socket object directly as a stream. An attacker could use this cause a denial of service by sending tiny chunks of data in short succession. This vulnerability was restored by reverting to the prior behaviour.,67,nodejs,0,node.js,0,"9.7.0,9.7.1,9.8.0,9.9.0,9.10.0,9.10.1,9.11.0,9.11.1,9.11.2,10.0.0,10.1.0,10.2.0,10.2.1,10.3.0,10.4.0,10.4.1,10.5.0,10.6.0,10.7.0",0,{'a'},[1],{'nodejs'},[1],{'node.js'},[1],{'*'},[1],{'*'},[1]
CVE-2018-7166,True,"In all versions of Node.js 10 prior to 10.9.0, an argument processing flaw can cause `Buffer.alloc()` to return uninitialized memory. This method is intended to be safe and only return initialized, or cleared, memory. The third argument specifying `encoding` can be passed as a number, this is misinterpreted by `Buffer's` internal ""fill"" method as the `start` to a fill operation. This flaw may be abused where `Buffer.alloc()` arguments are derived from user input to return uncleared memory blocks that may contain sensitive information.",83,nodejs,0,node.js,0,"10.0.0,10.1.0,10.2.0,10.2.1,10.3.0,10.4.0,10.4.1,10.5.0,10.6.0,10.7.0,10.8.0",0,{'a'},[1],{'nodejs'},[1],{'node.js'},[1],{'*'},[1],{'*'},[1]
CVE-2018-7167,True,"Calling Buffer.fill() or Buffer.alloc() with some parameters can lead to a hang which could result in a Denial of Service. In order to address this vulnerability, the implementations of Buffer.alloc() and Buffer.fill() were updated so that they zero fill instead of hanging in these cases. All versions of Node.js 6.x (LTS ""Boron""), 8.x (LTS ""Carbon""), and 9.x are vulnerable. All versions of Node.js 10.x (Current) are NOT vulnerable.",68,nodejs,0,node.js,0,"6.1.0,6.2.0,6.2.1,6.2.2,6.3.0,6.3.1,6.4.0,6.5.0,6.6.0,6.7.0,6.8.0,6.8.1,6.9.0,6.9.1,6.9.2,6.9.3,6.9.4,6.9.5,6.10.0,6.10.1,6.10.2,6.10.3,6.11.0,6.11.1,6.11.2,6.11.3,6.11.4,6.11.5,6.12.0,6.12.1,6.12.2,6.12.3,6.13.0,6.13.1,6.14.0,6.14.1,6.14.2,6.14.3,8.0.0,8.1.0,8.1.1,8.1.2,8.1.3,8.1.4,8.2.0,8.2.1,8.3.0,8.4.0,8.5.0,8.6.0,8.7.0,8.8.0,8.8.1,8.9.0,8.9.1,8.9.2,8.9.3,8.9.4,8.10.0,8.11.0,8.11.1,8.11.2,8.11.3,9.0.0,9.1.0,9.2.0,9.2.1,9.3.0,9.4.0,9.5.0,9.6.0,9.6.1,9.7.0,9.7.1,9.8.0,9.9.0,9.10.0,9.10.1,9.11.0,9.11.1,9.11.2",0,{'a'},[3],{'nodejs'},[3],{'node.js'},[3],{'*'},[3],{'*'},[3]
CVE-2017-1000188,True,nodejs ejs version older than 2.5.5 is vulnerable to a Cross-site-scripting in the ejs.renderFile() resulting in code injection,18,DNE,n/a,DNE,n/a,DNE,n/a,{'a'},[1],{'ejs'},[1],{'ejs'},[1],{'*'},[1],{'*'},[1]
CVE-2017-1000189,True,nodejs ejs version older than 2.5.5 is vulnerable to a denial-of-service due to weak input validation in the ejs.renderFile(),19,DNE,n/a,DNE,n/a,DNE,n/a,{'a'},[1],{'ejs'},[1],{'ejs'},[1],{'*'},[1],{'*'},[1]
CVE-2017-1000228,True,nodejs ejs versions older than 2.5.3 is vulnerable to remote code execution due to weak input validation in ejs.renderFile() function,20,DNE,n/a,DNE,n/a,DNE,n/a,{'a'},[1],{'ejs'},[1],{'ejs'},[1],{'*'},[1],{'*'},[1]
CVE-2017-11499,True,"Node.js v4.0 through v4.8.3, all versions of v5.x, v6.0 through v6.11.0, v7.0 through v7.10.0, and v8.0 through v8.1.3 was susceptible to hash flooding remote DoS attacks as the HashTable seed was constant across a given released version of Node.js. This was a result of building with V8 snapshots enabled by default which caused the initially randomized seed to be overwritten on startup.",62,nodejs,0,node.js,0,"4.0.0,4.1.0,4.1.1,4.1.2,4.2.0,4.2.1,4.2.2,4.2.3,4.2.4,4.2.5,4.2.6,4.3.0,4.3.1,4.3.2,4.4.0,4.4.1,4.4.2,4.4.3,4.4.4,4.4.5,4.4.6,4.4.7,4.5.0,4.6.0,4.6.1,4.6.2,4.7.0,4.7.1,4.7.2,4.7.3,4.8.0,4.8.1,4.8.2,4.8.3,5.0.0,5.1.0,5.1.1,5.2.0,5.3.0,5.4.0,5.4.1,5.5.0,5.6.0,5.7.0,5.7.1,5.8.0,5.9.0,5.9.1,5.10.0,5.10.1,5.11.0,5.11.1,5.12.0,6.0.0,6.1.0,6.2.0,6.2.1,6.2.2,6.3.0,6.3.1,6.4.0,6.5.0,6.6.0,6.7.0,6.8.0,6.8.1,6.9.0,6.9.1,6.9.2,6.9.3,6.9.4,6.9.5,6.10.0,6.10.1,6.10.2,6.10.3,6.11.0,6.11.1,7.0.0,7.1.0,7.2.0,7.2.1,7.3.0,7.4.0,7.5.0,7.6.0,7.7.0,7.7.1,7.7.2,7.7.3,7.7.4,7.8.0,7.9.0,7.10.0,7.10.1,8.0.0,8.1.0,8.1.1,8.1.2,8.1.3",0,{'a'},[100],{'nodejs'},[100],{'node.js'},[100],"{'4.7.0', '4.8.3', '6.9.4', '5.3.0', '5.4.0', '5.0.0', '5.5.0', '6.9.2', '5.10.1', '4.6.1', '6.11.0', '4.2.0', '8.1.2', '7.7.1', '8.1.3', '6.5.0', '5.10.0', '4.2.2', '6.1.0', '5.11.0', '7.8.0', '4.2.3', '7.10.0', '7.7.2', '7.0.0', '4.5.0', '4.4.5', '6.9.5', '4.8.1', '4.3.1', '8.0.0', '4.4.4', '7.10.1', '5.1.1', '4.3.0', '4.4.1', '4.2.5', '7.7.4', '6.2.2', '8.1.0', '6.10.0', '5.9.1', '4.2.4', '4.6.0', '6.3.1', '6.0.0', '4.4.7', '6.7.0', '5.7.0', '4.4.2', '4.8.0', '6.9.0', '7.9.0', '6.10.2', '7.7.0', '5.4.1', '5.9.0', '4.7.1', '4.4.6', '5.1.0', '5.11.1', '4.4.3', '7.3.0', '5.12.0', '6.6.0', '6.8.1', '5.8.0', '6.8.0', '7.2.0', '4.0.0', '4.2.1', '4.1.0', '4.7.3', '6.9.3', '4.6.2', '4.4.0', '7.5.0', '6.4.0', '4.2.6', '8.1.1', '7.7.3', '4.7.2', '6.9.1', '4.1.2', '6.3.0', '6.2.1', '6.11.1', '4.8.2', '5.7.1', '6.2.0', '7.2.1', '7.1.0', '7.4.0', '6.10.1', '7.6.0', '4.1.1', '4.3.2', '6.10.3', '5.2.0', '5.6.0'}","[1, 1, 1, 1, 1, 1, 1, 1, 1, 1, 1, 1, 1, 1, 1, 1, 1, 1, 1, 1, 1, 1, 1, 1, 1, 1, 1, 1, 1, 1, 1, 1, 1, 1, 1, 1, 1, 1, 1, 1, 1, 1, 1, 1, 1, 1, 1, 1, 1, 1, 1, 1, 1, 1, 1, 1, 1, 1, 1, 1, 1, 1, 1, 1, 1, 1, 1, 1, 1, 1, 1, 1, 1, 1, 1, 1, 1, 1, 1, 1, 1, 1, 1, 1, 1, 1, 1, 1, 1, 1, 1, 1, 1, 1, 1, 1, 1, 1, 1, 1]",{'*'},[100]
CVE-2017-14849,True,"Node.js 8.5.0 before 8.6.0 allows remote attackers to access unintended files, because a change to "".."" handling was incompatible with the pathname validation used by unspecified community modules.",28,nodejs,0,node.js,0,8.5.0,0,{'a'},[1],{'nodejs'},[1],{'node.js'},[1],{'8.5.0'},[1],{'*'},[1]
CVE-2017-14919,True,"Node.js before 4.8.5, 6.x before 6.11.5, and 8.x before 8.8.0 allows remote attackers to cause a denial of service (uncaught exception and crash) by leveraging a change in the zlib module 1.2.9 making 8 an invalid value for the windowBits parameter.",41,nodejs,0,node.js,0,"4.8.2,4.8.3,4.8.4,6.10.2,6.10.3,6.11.0,6.11.1,6.11.2,6.11.3,6.11.4,8.0.0,8.1.0,8.1.1,8.1.2,8.1.3,8.1.4,8.2.0,8.2.1,8.3.0,8.4.0,8.5.0,8.6.0,8.7.0",0,{'a'},[23],{'nodejs'},[23],{'node.js'},[23],"{'4.8.3', '8.1.4', '6.10.2', '8.3.0', '6.11.2', '8.1.1', '8.2.1', '8.5.0', '8.7.0', '6.11.4', '6.11.1', '8.0.0', '4.8.2', '6.11.0', '8.4.0', '8.2.0', '4.8.4', '8.1.0', '8.1.2', '8.6.0', '8.1.3', '6.10.3', '6.11.3'}","[1, 1, 1, 1, 1, 1, 1, 1, 1, 1, 1, 1, 1, 1, 1, 1, 1, 1, 1, 1, 1, 1, 1]",{'*'},[23]
CVE-2017-15896,True,Node.js was affected by OpenSSL vulnerability CVE-2017-3737 in regards to the use of SSL_read() due to TLS handshake failure. The result was that an active network attacker could send application data to Node.js using the TLS or HTTP2 modules in a way that bypassed TLS authentication and encryption.,48,nodejs,0,node.js,0,"8.0.0,8.1.0,8.1.1,8.1.2,8.1.3,8.1.4,8.2.0,8.2.1,8.3.0,8.4.0,8.6.0,8.7.0,8.8.0,8.8.1,8.9.0,8.9.1,8.9.2,8.9.3,9.0.0,9.1.0,9.2.0,9.2.1,9.3.0",0,{'a'},[23],{'nodejs'},[23],{'node.js'},[23],"{'8.9.1', '9.2.0', '8.9.3', '9.3.0', '8.9.0', '8.8.1', '9.1.0', '8.1.4', '8.3.0', '8.1.1', '8.2.1', '8.7.0', '8.8.0', '8.9.2', '9.2.1', '8.0.0', '8.4.0', '8.2.0', '9.0.0', '8.1.0', '8.1.2', '8.6.0', '8.1.3'}","[1, 1, 1, 1, 1, 1, 1, 1, 1, 1, 1, 1, 1, 1, 1, 1, 1, 1, 1, 1, 1, 1, 1]",{'*'},[23]
CVE-2017-15897,True,"Node.js had a bug in versions 8.X and 9.X which caused buffers to not be initialized when the encoding for the fill value did not match the encoding specified. For example, 'Buffer.alloc(0x100, ""This is not correctly encoded"", ""hex"");' The buffer implementation was updated such that the buffer will be initialized to all zeros in these cases.",56,nodejs,0,node.js,0,"8.0.0,8.1.0,8.1.1,8.1.2,8.1.3,8.1.4,8.2.0,8.2.1,8.3.0,8.4.0,8.6.0,8.7.0,8.8.0,8.8.1,8.9.0,8.9.1,8.9.2,8.9.3,9.0.0,9.1.0,9.2.0,9.2.1,9.3.0",0,{'a'},[23],{'nodejs'},[23],{'node.js'},[23],"{'8.9.1', '9.2.0', '8.9.3', '9.3.0', '8.9.0', '8.8.1', '9.1.0', '8.1.4', '8.3.0', '8.1.1', '8.2.1', '8.7.0', '8.8.0', '8.9.2', '9.2.1', '8.0.0', '8.4.0', '8.2.0', '9.0.0', '8.1.0', '8.1.2', '8.6.0', '8.1.3'}","[1, 1, 1, 1, 1, 1, 1, 1, 1, 1, 1, 1, 1, 1, 1, 1, 1, 1, 1, 1, 1, 1, 1]",{'*'},[23]
CVE-2017-16024,True,"The sync-exec module is used to simulate child_process.execSync in node versions <0.11.9. Sync-exec uses tmp directories as a buffer before returning values. Other users on the server have read access to the tmp directory, possibly allowing an attacker on the server to obtain confidential information from the buffer/tmp file, while it exists.",52,nodejs,0,node.js,0,"0.0.1,0.0.2,0.0.3,0.0.4,0.0.5,0.0.6,0.1.0,0.1.1,0.1.2,0.1.3,0.1.4,0.1.5,0.1.6,0.1.7,0.1.8,0.1.9,0.1.10,0.1.11,0.1.12,0.1.13,0.1.14,0.1.15,0.1.16,0.1.17,0.1.18,0.1.19,0.1.20,0.1.21,0.1.22,0.1.23,0.1.24,0.1.25,0.1.26,0.1.27,0.1.28,0.1.29,0.1.30,0.1.31,0.1.32,0.1.33,0.1.90,0.1.91,0.1.92,0.1.93,0.1.94,0.1.95,0.1.96,0.1.97,0.1.98,0.1.99,0.1.100,0.1.101,0.1.102,0.1.103,0.1.104,0.2.0,0.2.1,0.2.2,0.2.3,0.2.4,0.2.5,0.2.6,0.3.0,0.3.1,0.3.2,0.3.3,0.3.4,0.3.5,0.3.6,0.3.7,0.3.8,0.4.0,0.4.1,0.4.2,0.4.3,0.4.4,0.4.5,0.4.6,0.4.7,0.4.8,0.4.9,0.4.10,0.4.11,0.4.12,0.5.0,0.5.1,0.5.2,0.5.3,0.5.4,0.5.5,0.5.6,0.5.7,0.5.8,0.5.9,0.5.10,0.6.0,0.6.1,0.6.2,0.6.3,0.6.4,0.6.5,0.6.6,0.6.7,0.6.8,0.6.9,0.6.10,0.6.11,0.6.12,0.6.13,0.6.14,0.6.15,0.6.16,0.6.17,0.6.18,0.6.19,0.6.20,0.6.21,0.7.0,0.7.1,0.7.2,0.7.3,0.7.4,0.7.5,0.7.6,0.7.7,0.7.8,0.7.9,0.7.10,0.7.11,0.7.12,0.8.0,0.8.1,0.8.2,0.8.3,0.8.4,0.8.5,0.8.6,0.8.7,0.8.8,0.8.9,0.8.10,0.8.11,0.8.12,0.8.13,0.8.14,0.8.15,0.8.16,0.8.17,0.8.18,0.8.19,0.8.20,0.8.21,0.8.22,0.8.23,0.8.24,0.8.25,0.8.26,0.8.27,0.8.28,0.9.0,0.9.1,0.9.2,0.9.3,0.9.4,0.9.5,0.9.6,0.9.7,0.9.8,0.9.9,0.9.10,0.9.11,0.9.12,0.10.0,0.10.1,0.10.2,0.10.3,0.10.4,0.10.5,0.10.6,0.10.7,0.10.8,0.10.9,0.10.10,0.10.11,0.10.12,0.10.13,0.10.14,0.10.15,0.10.16,0.10.16-isaacs-manual,0.10.17,0.10.18,0.10.19,0.10.20,0.10.21,0.10.22,0.10.23,0.10.24,0.10.25,0.10.26,0.10.27,0.10.28,0.10.29,0.10.30,0.10.31,0.10.32,0.10.33,0.10.34,0.10.35,0.10.36,0.10.37,0.10.38,0.10.39,0.10.40,0.10.41,0.10.42,0.10.43,0.10.44,0.10.45,0.10.46,0.10.47,0.10.48,0.11.0,0.11.1,0.11.2,0.11.3,0.11.4,0.11.5,0.11.6,0.11.7,0.11.8",0,{'a'},[2],"{'nodejs', 'sync-exec_project'}","[1, 1]","{'node.js', 'sync-exec'}","[1, 1]",{'*'},[2],{'*'},[2]
CVE-2017-16042,True,"Growl adds growl notification support to nodejs. Growl before 1.10.2 does not properly sanitize input before passing it to exec, allowing for arbitrary command execution.",25,DNE,n/a,DNE,n/a,DNE,n/a,{'a'},[1],{'growl_project'},[1],{'growl'},[1],{'*'},[1],{'*'},[1]
CVE-2016-10578,True,"unicode loads unicode data downloaded from unicode.org into nodejs. Unicode before 9.0.0 downloads binary resources over HTTP, which leaves it vulnerable to MITM attacks.",24,DNE,n/a,DNE,n/a,DNE,n/a,{'a'},[1],{'unicode_project'},[1],{'unicode'},[1],{'*'},[1],{'*'},[1]
CVE-2016-10618,True,"node-browser is a wrapper webdriver by nodejs. node-browser downloads resources over HTTP, which leaves it vulnerable to MITM attacks.",19,node-browser_project,0,node-browser,0,0.0.3,0,{'a'},[1],{'node-browser_project'},[1],{'node-browser'},[1],{'*'},[1],{'*'},[1]
CVE-2016-10647,True,"node-air-sdk is an AIR SDK for nodejs. node-air-sdk downloads binary resources over HTTP, which leaves it vulnerable to MITM attacks. It may be possible to cause remote code execution (RCE) by swapping out the requested binary with an attacker controlled binary if the attacker is on the network or positioned in between the user and the remote server.",58,node-air-sdk_project,0,node-air-sdk,0,-,0,{'a'},[1],{'node-air-sdk_project'},[1],{'node-air-sdk'},[1],{'-'},[1],{'*'},[1]
CVE-2016-2086,True,"Node.js 0.10.x before 0.10.42, 0.12.x before 0.12.10, 4.x before 4.3.0, and 5.x before 5.6.0 allow remote attackers to conduct HTTP request smuggling attacks via a crafted Content-Length HTTP header.",29,nodejs,0,node.js,0,"0.10.0,0.10.1,0.10.2,0.10.3,0.10.4,0.10.5,0.10.6,0.10.7,0.10.8,0.10.9,0.10.10,0.10.11,0.10.12,0.10.13,0.10.14,0.10.15,0.10.16,0.10.16-isaacs-manual,0.10.17,0.10.18,0.10.19,0.10.20,0.10.21,0.10.22,0.10.23,0.10.24,0.10.25,0.10.26,0.10.27,0.10.28,0.10.29,0.10.30,0.10.31,0.10.32,0.10.33,0.10.34,0.10.35,0.10.36,0.10.37,0.10.38,0.10.39,0.10.40,0.10.41,0.12.0,0.12.1,0.12.2,0.12.3,0.12.4,0.12.5,0.12.6,0.12.7,0.12.8,0.12.9,4.0.0,4.1.0,4.1.1,4.1.2,4.2.0,4.2.1,4.2.2,4.2.3,4.2.4,4.2.5,4.2.6,5.0.0,5.1.0,5.1.1,5.2.0,5.3.0,5.4.0,5.4.1,5.5.0",0,"{'o', 'a'}","[2, 72]","{'fedoraproject', 'nodejs'}","[2, 72]","{'node.js', 'fedora'}","[72, 2]","{'4.1.0', '0.10.10', '0.10.24', '4.2.4', '0.10.21', '0.12.1', '4.2.3', '0.10.0', '0.10.36', '0.10.19', '0.12.4', '0.10.37', '0.10.29', '0.12.7', '0.10.11', '0.10.25', '0.10.41', '0.10.8', '0.10.7', '23', '5.3.0', '0.10.13', '0.10.38', '0.12.0', '0.12.2', '5.4.0', '0.10.39', '5.0.0', '0.10.20', '5.4.1', '4.2.6', '0.10.26', '5.5.0', '0.10.9', '0.10.31', '0.10.32', '0.12.6', '0.10.4', '4.1.2', '0.10.16-isaacs-manual', '0.10.30', '0.10.35', '0.10.23', '0.10.14', '0.10.1', '0.10.22', '0.12.5', '5.1.0', '5.2.0', '0.10.15', '0.10.40', '0.12.8', '0.12.3', '0.10.2', '5.1.1', '22', '0.10.27', '0.10.5', '0.10.34', '0.10.33', '0.10.16', '4.2.0', '0.10.6', '4.2.5', '0.10.3', '0.10.17', '0.12.9', '0.10.12', '4.1.1', '4.0.0', '4.2.1', '0.10.28', '4.2.2', '0.10.18'}","[1, 1, 1, 1, 1, 1, 1, 1, 1, 1, 1, 1, 1, 1, 1, 1, 1, 1, 1, 1, 1, 1, 1, 1, 1, 1, 1, 1, 1, 1, 1, 1, 1, 1, 1, 1, 1, 1, 1, 1, 1, 1, 1, 1, 1, 1, 1, 1, 1, 1, 1, 1, 1, 1, 1, 1, 1, 1, 1, 1, 1, 1, 1, 1, 1, 1, 1, 1, 1, 1, 1, 1, 1, 1]",{'*'},[74]
CVE-2016-2216,True,"The HTTP header parsing code in Node.js 0.10.x before 0.10.42, 0.11.6 through 0.11.16, 0.12.x before 0.12.10, 4.x before 4.3.0, and 5.x before 5.6.0 allows remote attackers to bypass an HTTP response-splitting protection mechanism via UTF-8 encoded Unicode characters in the HTTP header, as demonstrated by %c4%8d%c4%8a.",46,nodejs,0,node.js,0,"0.10.0,0.10.1,0.10.2,0.10.3,0.10.4,0.10.5,0.10.6,0.10.7,0.10.8,0.10.9,0.10.10,0.10.11,0.10.12,0.10.13,0.10.14,0.10.15,0.10.16,0.10.16-isaacs-manual,0.10.17,0.10.18,0.10.19,0.10.20,0.10.21,0.10.22,0.10.23,0.10.24,0.10.25,0.10.26,0.10.27,0.10.28,0.10.29,0.10.30,0.10.31,0.10.32,0.10.33,0.10.34,0.10.35,0.10.36,0.10.37,0.10.38,0.10.39,0.10.40,0.10.41,0.11.6,0.11.7,0.11.8,0.11.9,0.11.10,0.11.11,0.11.12,0.11.13,0.11.14,0.11.15,0.11.16,0.12.0,0.12.1,0.12.2,0.12.3,0.12.4,0.12.5,0.12.6,0.12.7,0.12.8,0.12.9,4.0.0,4.1.0,4.1.1,4.1.2,4.2.0,4.2.1,4.2.2,4.2.3,4.2.4,4.2.5,4.2.6,5.0.0,5.1.0,5.1.1,5.2.0,5.3.0,5.4.0,5.4.1,5.5.0",0,"{'o', 'a'}","[2, 83]","{'fedoraproject', 'nodejs'}","[2, 83]","{'node.js', 'fedora'}","[83, 2]","{'0.10.24', '0.10.21', '0.10.0', '0.10.36', '0.11.8', '0.10.37', '0.12.4', '0.10.25', '0.10.7', '5.3.0', '0.12.2', '5.4.0', '5.0.0', '5.5.0', '0.10.31', '0.10.32', '0.10.30', '0.11.15', '0.10.35', '0.12.5', '0.10.15', '0.10.2', '0.10.27', '0.11.6', '4.2.0', '0.11.11', '4.2.2', '4.2.3', '0.10.19', '0.10.29', '0.11.10', '0.10.41', '0.10.26', '0.12.6', '0.10.16-isaacs-manual', '0.11.16', '0.10.40', '0.12.3', '5.1.1', '22', '0.10.34', '0.11.7', '4.2.5', '0.10.3', '0.12.9', '0.10.12', '0.10.8', '0.10.18', '4.2.4', '0.12.1', '0.12.0', '0.10.39', '5.4.1', '0.10.9', '0.10.23', '0.10.14', '5.1.0', '0.12.8', '0.11.9', '0.10.5', '0.10.33', '0.10.16', '0.10.17', '4.0.0', '4.2.1', '0.10.28', '4.1.0', '0.10.10', '0.11.12', '0.12.7', '0.10.11', '23', '0.10.13', '0.10.38', '0.10.20', '4.2.6', '4.1.2', '0.10.4', '0.11.14', '0.10.22', '0.10.1', '0.11.13', '0.10.6', '4.1.1', '5.2.0'}","[1, 1, 1, 1, 1, 1, 1, 1, 1, 1, 1, 1, 1, 1, 1, 1, 1, 1, 1, 1, 1, 1, 1, 1, 1, 1, 1, 1, 1, 1, 1, 1, 1, 1, 1, 1, 1, 1, 1, 1, 1, 1, 1, 1, 1, 1, 1, 1, 1, 1, 1, 1, 1, 1, 1, 1, 1, 1, 1, 1, 1, 1, 1, 1, 1, 1, 1, 1, 1, 1, 1, 1, 1, 1, 1, 1, 1, 1, 1, 1, 1, 1, 1, 1, 1]",{'*'},[85]
CVE-2016-3956,True,"The CLI in npm before 2.15.1 and 3.x before 3.8.3, as used in Node.js 0.10 before 0.10.44, 0.12 before 0.12.13, 4 before 4.4.2, and 5 before 5.10.0, includes bearer tokens with arbitrary requests, which allows remote HTTP servers to obtain sensitive information by reading Authorization headers.",46,ibm,0,sdk,0,"1.1.0.20,1.2.0.10,4.4.1.0",0,{'a'},[132],"{'ibm', 'npm', 'nodejs'}","[3, 39, 90]","{'node.js', 'npm', 'sdk'}","[90, 39, 3]","{'*', '0.10.24', '0.10.21', '3.3.7', '0.10.0', '0.10.36', '0.12.4', '0.10.37', '3.7.3', '0.10.25', '3.3.6', '0.10.7', '5.3.0', '0.12.2', '3.3.2', '5.4.0', '5.0.0', '3.7.2', '5.5.0', '0.10.31', '0.10.32', '0.10.30', '3.3.5', '0.10.35', '0.12.5', '0.10.15', '3.3.1', '0.10.2', '0.10.27', '4.2.0', '3.7.1', '3.0.0', '3.1.2', '4.2.2', '3.2.1', '4.2.3', '0.10.19', '3.8.0', '0.10.29', '3.3.0', '0.10.41', '5.8.1', '3.3.11', '0.10.26', '3.2.0', '0.12.6', '0.10.16-isaacs-manual', '4.3.1', '0.10.40', '3.4.1', '0.12.3', '5.1.1', '3.3.8', '4.3.0', '0.10.34', '3.5.1', '4.4.1', '4.2.5', '3.4.0', '3.2.2', '0.10.3', '0.12.9', '0.10.12', '5.9.1', '0.10.8', '0.10.18', '4.2.4', '0.12.1', '3.3.4', '5.7.0', '0.12.0', '0.10.39', '3.8.1', '3.7.5', '5.4.1', '0.10.9', '5.9.0', '0.10.23', '0.10.14', '5.1.0', '0.12.8', '3.5.4', '3.1.3', '3.3.12', '3.5.0', '0.10.5', '0.10.33', '0.10.16', '3.3.9', '5.8.0', '0.10.17', '4.0.0', '4.2.1', '0.10.28', '4.1.0', '0.10.10', '3.7.4', '3.1.1', '3.3.10', '3.1.0', '0.12.7', '0.10.11', '3.7.0', '4.4.0', '3.5.3', '0.10.13', '0.10.38', '0.10.20', '3.8.2', '4.2.6', '4.1.2', '0.10.4', '0.10.22', '0.10.1', '5.7.1', '0.10.6', '3.3.3', '3.5.2', '3.6.0', '4.1.1', '4.3.2', '5.2.0', '5.6.0'}","[4, 1, 1, 1, 1, 1, 1, 1, 1, 1, 1, 1, 1, 1, 1, 1, 1, 1, 1, 1, 1, 1, 1, 1, 1, 1, 1, 1, 1, 1, 1, 1, 1, 1, 1, 1, 1, 1, 1, 1, 1, 1, 1, 1, 1, 1, 1, 3, 1, 1, 1, 1, 1, 1, 1, 1, 1, 1, 1, 1, 1, 1, 1, 1, 1, 1, 1, 1, 1, 1, 1, 1, 1, 1, 1, 1, 1, 1, 1, 1, 1, 1, 1, 1, 1, 1, 1, 1, 1, 1, 1, 1, 1, 1, 1, 1, 1, 1, 1, 1, 1, 1, 1, 5, 1, 1, 1, 1, 1, 1, 1, 1, 1, 1, 1, 1, 1, 1, 1, 1, 1, 1, 1]","{'*', 'rc.4', 'rc.1', 'rc.2', 'rc.3'}","[125, 1, 3, 2, 1]"
CVE-2016-5325,True,"CRLF injection vulnerability in the ServerResponse#writeHead function in Node.js 0.10.x before 0.10.47, 0.12.x before 0.12.16, 4.x before 4.6.0, and 6.x before 6.7.0 allows remote attackers to inject arbitrary HTTP headers and conduct HTTP response splitting attacks via the reason argument.",40,nodejs,0,node.js,0,"0.10.0,0.10.1,0.10.2,0.10.3,0.10.4,0.10.5,0.10.6,0.10.7,0.10.8,0.10.9,0.10.10,0.10.11,0.10.12,0.10.13,0.10.14,0.10.15,0.10.16,0.10.16-isaacs-manual,0.10.17,0.10.18,0.10.19,0.10.20,0.10.21,0.10.22,0.10.23,0.10.24,0.10.25,0.10.26,0.10.27,0.10.28,0.10.29,0.10.30,0.10.31,0.10.32,0.10.33,0.10.34,0.10.35,0.10.36,0.10.37,0.10.38,0.10.39,0.10.40,0.10.41,0.10.42,0.10.43,0.10.44,0.10.45,0.10.46,0.12.0,0.12.1,0.12.2,0.12.3,0.12.4,0.12.5,0.12.6,0.12.7,0.12.8,0.12.9,0.12.10,0.12.11,0.12.12,0.12.13,0.12.14,0.12.15,4.0.0,4.1.0,4.1.1,4.1.2,4.2.0,4.2.1,4.2.2,4.2.3,4.2.4,4.2.5,4.2.6,4.3.0,4.3.1,4.3.2,4.4.0,4.4.1,4.4.2,4.4.3,4.4.4,4.4.5,4.4.6,4.4.7,4.5.0,6.0.0,6.1.0,6.2.0,6.2.1,6.2.2,6.3.0,6.3.1,6.4.0,6.5.0,6.6.0",0,"{'o', 'a'}","[1, 97]","{'suse', 'nodejs'}","[1, 97]","{'linux_enterprise', 'node.js'}","[1, 97]","{'0.10.24', '0.10.21', '0.10.0', '0.10.36', '0.12.4', '0.10.37', '0.10.25', '0.10.46', '0.10.7', '0.12.2', '0.12.11', '0.10.31', '0.10.32', '0.10.30', '0.10.35', '0.12.5', '0.10.15', '0.12.15', '0.10.2', '0.10.44', '0.10.27', '4.2.0', '6.5.0', '4.2.2', '6.1.0', '0.12.12', '4.2.3', '0.10.19', '0.10.29', '0.10.41', '0.10.45', '0.10.26', '4.5.0', '4.4.5', '0.12.6', '0.10.16-isaacs-manual', '4.3.1', '4.4.4', '0.10.40', '0.12.3', '4.3.0', '0.10.34', '4.4.1', '4.2.5', '6.2.2', '0.10.3', '0.12.9', '0.10.12', '0.10.18', '0.10.8', '4.2.4', '6.3.1', '6.0.0', '4.4.7', '0.12.1', '4.4.2', '0.12.13', '0.12.0', '0.10.39', '0.10.9', '0.10.43', '4.4.6', '0.10.23', '0.10.14', '4.4.3', '0.12.8', '0.10.5', '0.10.33', '0.10.16', '6.6.0', '0.10.17', '4.0.0', '4.2.1', '0.10.28', '4.1.0', '0.10.10', '0.10.42', '0.12.14', '12.0', '0.12.7', '0.10.11', '4.4.0', '0.12.10', '0.10.13', '0.10.38', '0.10.20', '6.4.0', '4.2.6', '4.1.2', '6.3.0', '0.10.4', '6.2.1', '0.10.22', '0.10.1', '6.2.0', '0.10.6', '4.1.1', '4.3.2'}","[1, 1, 1, 1, 1, 1, 1, 1, 1, 1, 1, 1, 1, 1, 1, 1, 1, 1, 1, 1, 1, 1, 1, 1, 1, 1, 1, 1, 1, 1, 1, 1, 1, 1, 1, 1, 1, 1, 1, 1, 1, 1, 1, 1, 1, 1, 1, 1, 1, 1, 1, 1, 1, 1, 1, 1, 1, 1, 1, 1, 1, 1, 1, 1, 1, 1, 1, 1, 1, 1, 1, 1, 1, 1, 1, 1, 1, 1, 1, 1, 1, 1, 1, 1, 1, 1, 1, 1, 1, 1, 1, 1, 1, 1, 1, 1, 1, 1]",{'*'},[98]
CVE-2016-6303,True,Integer overflow in the MDC2_Update function in crypto/mdc2/mdc2dgst.c in OpenSSL before 1.1.0 allows remote attackers to cause a denial of service (out-of-bounds write and application crash) or possibly have unspecified other impact via unknown vectors.,35,nodejs,0,node.js,0,6.6.0,0,{'a'},[31],"{'openssl', 'nodejs'}","[30, 1]","{'openssl', 'node.js'}","[30, 1]","{'*', '1.0.1c', '1.0.1p', '1.0.2f', '1.0.1i', '1.0.1', '1.0.2b', '1.0.1r', '1.0.2h', '1.0.1b', '1.0.1l', '1.0.1f', '1.0.2e', '1.0.1g', '1.0.1t', '1.0.2g', '1.0.1j', '1.0.1h', '1.0.1a', '1.0.1o', '1.0.1s', '1.0.1d', '1.0.2d', '1.0.2c', '1.0.1e', '1.0.1m', '1.0.1q', '1.0.2a', '1.0.1k', '1.0.1n', '1.0.2'}","[1, 1, 1, 1, 1, 1, 1, 1, 1, 1, 1, 1, 1, 1, 1, 1, 1, 1, 1, 1, 1, 1, 1, 1, 1, 1, 1, 1, 1, 1, 1]",{'*'},[31]
CVE-2016-6304,True,"Multiple memory leaks in t1_lib.c in OpenSSL before 1.0.1u, 1.0.2 before 1.0.2i, and 1.1.0 before 1.1.0a allow remote attackers to cause a denial of service (memory consumption) via large OCSP Status Request extensions.",33,nodejs,0,node.js,0,6.6.0,0,"{'o', 'a'}","[1, 37]","{'openssl', 'novell', 'nodejs'}","[36, 1, 1]","{'openssl', 'node.js', 'suse_linux_enterprise_module_for_web_scripting'}","[36, 1, 1]","{'1.0.1c', '*', '12.0', '1.0.1p', '1.0.2f', '1.0.2b', '1.0.1', '1.0.1i', '1.0.1r', '1.0.2h', '1.0.1b', '1.0.1l', '1.0.1f', '1.0.2e', '1.1.0', '1.0.1g', '1.0.1t', '1.0.1j', '1.0.1h', '1.0.1a', '1.0.1o', '1.0.1s', '1.0.1d', '1.0.2d', '1.0.2c', '1.0.1e', '1.0.1m', '1.0.1q', '1.0.2a', '1.0.1k', '1.0.1n', '1.0.2'}","[1, 1, 1, 1, 1, 1, 4, 1, 1, 1, 1, 1, 1, 1, 1, 1, 1, 1, 1, 1, 1, 1, 1, 1, 1, 1, 1, 1, 1, 1, 1, 4]","{'*', 'beta3', 'beta2', 'beta1'}","[32, 2, 2, 2]"
CVE-2016-6306,True,"The certificate parser in OpenSSL before 1.0.1u and 1.0.2 before 1.0.2i might allow remote attackers to cause a denial of service (out-of-bounds read) via crafted certificate operations, related to s3_clnt.c and s3_srvr.c.",32,hp,0,icewall_federation_agent,0,3.0,0,"{'o', 'a'}","[1, 41]","{'openssl', 'novell', 'hp', 'nodejs'}","[35, 1, 5, 1]","{'icewall_mcrp', 'icewall_sso', 'icewall_sso_agent_option', 'suse_linux_enterprise_module_for_web_scripting', 'openssl', 'node.js', 'icewall_federation_agent'}","[1, 2, 1, 1, 35, 1, 1]","{'1.0.1c', '*', '12.0', '1.0.1p', '1.0.2f', '1.0.1i', '1.0.1', '1.0.2b', '1.0.1r', '1.0.2h', '1.0.1b', '1.0.1l', '1.0.1f', '1.0.2e', '1.0.1g', '1.0.1t', '1.0.1j', '1.0.1h', '1.0.1a', '1.0.1o', '10.0', '1.0.1s', '1.0.1d', '1.0.2d', '3.0', '1.0.2c', '1.0.1e', '1.0.1m', '1.0.1q', '1.0.2a', '1.0.1k', '1.0.1n', '1.0.2'}","[1, 1, 1, 1, 1, 1, 4, 1, 1, 1, 1, 1, 1, 1, 1, 1, 1, 1, 1, 1, 3, 1, 1, 1, 2, 1, 1, 1, 1, 1, 1, 1, 4]","{'*', 'beta3', 'beta2', 'beta1'}","[36, 2, 2, 2]"
CVE-2016-7099,True,"The tls.checkServerIdentity function in Node.js 0.10.x before 0.10.47, 0.12.x before 0.12.16, 4.x before 4.6.0, and 6.x before 6.7.0 does not properly handle wildcards in name fields of X.509 certificates, which allows man-in-the-middle attackers to spoof servers via a crafted certificate.",40,nodejs,0,node.js,0,"0.10.0,0.10.1,0.10.2,0.10.3,0.10.4,0.10.5,0.10.6,0.10.7,0.10.8,0.10.9,0.10.10,0.10.11,0.10.12,0.10.13,0.10.14,0.10.15,0.10.16,0.10.16-isaacs-manual,0.10.17,0.10.18,0.10.19,0.10.20,0.10.21,0.10.22,0.10.23,0.10.24,0.10.25,0.10.26,0.10.27,0.10.28,0.10.29,0.10.30,0.10.31,0.10.32,0.10.33,0.10.34,0.10.35,0.10.36,0.10.37,0.10.38,0.10.39,0.10.40,0.10.41,0.10.42,0.10.43,0.10.44,0.10.45,0.10.46,0.12.0,0.12.1,0.12.2,0.12.3,0.12.4,0.12.5,0.12.6,0.12.7,0.12.8,0.12.9,0.12.10,0.12.11,0.12.12,0.12.13,0.12.14,0.12.15,4.0.0,4.1.0,4.1.1,4.1.2,4.2.0,4.2.1,4.2.2,4.2.3,4.2.4,4.2.5,4.2.6,4.3.0,4.3.1,4.3.2,4.4.0,4.4.1,4.4.2,4.4.3,4.4.4,4.4.5,4.4.6,4.4.7,4.5.0,6.0.0,6.1.0,6.2.0,6.2.1,6.2.2,6.3.0,6.3.1,6.4.0,6.5.0,6.6.0",0,"{'o', 'a'}","[1, 97]","{'suse', 'nodejs'}","[1, 97]","{'linux_enterprise', 'node.js'}","[1, 97]","{'0.10.24', '0.10.21', '0.10.0', '0.10.36', '0.12.4', '0.10.37', '0.10.25', '0.10.46', '0.10.7', '0.12.2', '0.12.11', '0.10.31', '0.10.32', '0.10.30', '0.10.35', '0.12.5', '0.10.15', '0.12.15', '0.10.2', '0.10.44', '0.10.27', '4.2.0', '6.5.0', '4.2.2', '6.1.0', '0.12.12', '4.2.3', '0.10.19', '0.10.29', '0.10.41', '0.10.45', '0.10.26', '4.5.0', '4.4.5', '0.12.6', '0.10.16-isaacs-manual', '4.3.1', '4.4.4', '0.10.40', '0.12.3', '4.3.0', '0.10.34', '4.4.1', '4.2.5', '6.2.2', '0.10.3', '0.12.9', '0.10.12', '0.10.8', '0.10.18', '4.2.4', '6.3.1', '6.0.0', '0.12.1', '4.4.7', '4.4.2', '0.12.13', '0.12.0', '0.10.39', '0.10.9', '0.10.43', '4.4.6', '0.10.23', '0.10.14', '4.4.3', '0.12.8', '0.10.5', '0.10.33', '0.10.16', '6.6.0', '0.10.17', '4.0.0', '4.2.1', '0.10.28', '4.1.0', '0.10.10', '0.10.42', '0.12.14', '12.0', '0.12.7', '0.10.11', '4.4.0', '0.12.10', '0.10.13', '0.10.38', '0.10.20', '6.4.0', '4.2.6', '6.3.0', '4.1.2', '0.10.4', '6.2.1', '0.10.22', '0.10.1', '6.2.0', '0.10.6', '4.1.1', '4.3.2'}","[1, 1, 1, 1, 1, 1, 1, 1, 1, 1, 1, 1, 1, 1, 1, 1, 1, 1, 1, 1, 1, 1, 1, 1, 1, 1, 1, 1, 1, 1, 1, 1, 1, 1, 1, 1, 1, 1, 1, 1, 1, 1, 1, 1, 1, 1, 1, 1, 1, 1, 1, 1, 1, 1, 1, 1, 1, 1, 1, 1, 1, 1, 1, 1, 1, 1, 1, 1, 1, 1, 1, 1, 1, 1, 1, 1, 1, 1, 1, 1, 1, 1, 1, 1, 1, 1, 1, 1, 1, 1, 1, 1, 1, 1, 1, 1, 1, 1]",{'*'},[98]
CVE-2015-2927,True,node 0.3.2 and URONode before 1.0.5r3 allows remote attackers to cause a denial of service (bandwidth consumption).,17,nodejs,0,node.js,0,0.3.2,0,"{'o', 'a'}","[2, 2]","{'debian', 'uronode', 'nodejs'}","[2, 1, 1]","{'debian_linux', 'node.js', 'uro_node'}","[2, 1, 1]","{'*', '8.0', '0.3.2', '9.0'}","[1, 1, 1, 1]",{'*'},[4]
CVE-2015-5380,True,"The Utf8DecoderBase::WriteUtf16Slow function in unicode-decoder.cc in Google V8, as used in Node.js before 0.12.6, io.js before 1.8.3 and 2.x before 2.3.3, and other products, does not verify that there is memory available for a UTF-16 surrogate pair, which allows remote attackers to cause a denial of service (memory corruption) or possibly have unspecified other impact via a crafted byte sequence.",60,google,0,v8,0,-,0,{'a'},[12],"{'google', 'iojs', 'nodejs'}","[1, 10, 1]","{'io.js', 'v8', 'node.js'}","[10, 1, 1]","{'*', '2.3.1', '2.0.0', '2.2.0', '-', '2.0.2', '2.1.0', '2.3.2', '2.3.0', '2.0.1', '2.2.1'}","[2, 1, 1, 1, 1, 1, 1, 1, 1, 1, 1]",{'*'},[12]
CVE-2015-7384,True,"Node.js 4.0.0, 4.1.0, and 4.1.1 allows remote attackers to cause a denial of service.",14,nodejs,0,node.js,0,"4.0.0,4.1.0,4.1.1",0,{'a'},[3],{'nodejs'},[3],{'node.js'},[3],"{'4.0.0', '4.1.1', '4.1.0'}","[1, 1, 1]",{'*'},[3]
CVE-2015-8027,True,"Node.js 0.12.x before 0.12.9, 4.x before 4.2.3, and 5.x before 5.1.1 does not ensure the availability of a parser for each HTTP socket, which allows remote attackers to cause a denial of service (uncaughtException and service outage) via a pipelined HTTP request.",42,nodejs,0,node.js,0,"0.12.0,0.12.1,0.12.2,0.12.3,0.12.4,0.12.5,0.12.6,0.12.7,0.12.8,4.2.0,4.2.1,4.2.2,5.0.0,5.1.0",0,{'a'},[14],{'nodejs'},[14],{'node.js'},[14],"{'0.12.2', '4.2.0', '0.12.0', '5.1.0', '0.12.1', '0.12.5', '5.0.0', '0.12.4', '0.12.8', '0.12.3', '0.12.7', '0.12.6', '4.2.1', '4.2.2'}","[1, 1, 1, 1, 1, 1, 1, 1, 1, 1, 1, 1, 1, 1]",{'*'},[14]
CVE-2015-8315,True,"The ms package before 0.7.1 for Node.js allows attackers to cause a denial of service (CPU consumption) via a long version string, aka a ""regular expression denial of service (ReDoS).""",30,nodejs,0,node.js,0,0.7.0,0,{'a'},[1],{'nodejs'},[1],{'node.js'},[1],{'*'},[1],{'*'},[1]
CVE-2015-8854,True,"The marked package before 0.3.4 for Node.js allows attackers to cause a denial of service (CPU consumption) via unspecified vectors that trigger a ""catastrophic backtracking issue for the em inline rule,"" aka a ""regular expression denial of service (ReDoS).""",39,nodejs,0,node.js,0,0.3.3,0,{'a'},[1],{'nodejs'},[1],{'node.js'},[1],{'*'},[1],{'*'},[1]
CVE-2015-8855,True,"The semver package before 4.3.2 for Node.js allows attackers to cause a denial of service (CPU consumption) via a long version string, aka a ""regular expression denial of service (ReDoS).""",30,nodejs,0,node.js,0,4.3.1,0,{'a'},[1],{'nodejs'},[1],{'node.js'},[1],{'*'},[1],{'*'},[1]
CVE-2015-8856,True,Cross-site scripting (XSS) vulnerability in the serve-index package before 1.6.3 for Node.js allows remote attackers to inject arbitrary web script or HTML via a crafted file or directory name.,29,nodejs,0,node.js,0,1.6.2,0,{'a'},[1],{'nodejs'},[1],{'node.js'},[1],{'*'},[1],{'*'},[1]
CVE-2015-8859,True,The send package before 0.11.1 for Node.js allows attackers to obtain the root path via unspecified vectors.,17,nodejs,0,node.js,0,0.11.0,0,{'a'},[1],{'nodejs'},[1],{'node.js'},[1],{'*'},[1],{'*'},[1]
CVE-2015-8860,True,The tar package before 2.0.0 for Node.js allows remote attackers to write to arbitrary files via a symlink attack in an archive.,22,nodejs,0,node.js,0,1.8.4,0,{'a'},[1],{'nodejs'},[1],{'node.js'},[1],{'*'},[1],{'*'},[1]
CVE-2014-3744,True,Directory traversal vulnerability in the st module before 0.2.5 for Node.js allows remote attackers to read arbitrary files via a %2e%2e (encoded dot dot) in an unspecified path.,28,nodejs,0,node.js,0,0.2.4,0,{'a'},[1],{'nodejs'},[1],{'node.js'},[1],{'*'},[1],{'*'},[1]
CVE-2014-5256,True,"Node.js 0.8 before 0.8.28 and 0.10 before 0.10.30 does not consider the possibility of recursive processing that triggers V8 garbage collection in conjunction with a V8 interrupt, which allows remote attackers to cause a denial of service (memory corruption and application crash) via deep JSON objects whose parsing lets this interrupt mask an overflow of the program stack.",58,nodejs,0,nodejs,0,"0.8.0,0.8.1,0.8.2,0.8.3,0.8.4,0.8.5,0.8.6,0.8.7,0.8.8,0.8.9,0.8.10,0.8.11,0.8.12,0.8.13,0.8.14,0.8.15,0.8.16,0.8.17,0.8.18,0.8.19,0.8.20,0.8.21,0.8.22,0.8.23,0.8.24,0.8.25,0.8.26,0.8.27,0.10.0,0.10.1,0.10.2,0.10.3,0.10.4,0.10.5,0.10.6,0.10.7,0.10.8,0.10.9,0.10.10,0.10.11,0.10.12,0.10.13,0.10.14,0.10.15,0.10.16,0.10.17,0.10.18,0.10.19,0.10.20,0.10.21,0.10.22,0.10.23,0.10.24,0.10.25,0.10.26,0.10.27,0.10.28,0.10.29",0,{'a'},[58],{'nodejs'},[58],{'nodejs'},[58],"{'0.8.16', '0.10.10', '0.10.24', '0.10.21', '0.8.0', '0.8.13', '0.10.0', '0.10.19', '0.8.11', '0.10.29', '0.10.11', '0.10.25', '0.8.25', '0.8.2', '0.8.3', '0.10.7', '0.10.13', '0.10.20', '0.8.9', '0.8.5', '0.10.9', '0.10.26', '0.8.1', '0.8.26', '0.10.4', '0.8.4', '0.10.18', '0.8.20', '0.8.14', '0.8.21', '0.10.23', '0.10.14', '0.10.1', '0.10.22', '0.10.15', '0.8.17', '0.8.27', '0.10.2', '0.8.12', '0.8.6', '0.10.27', '0.10.5', '0.8.18', '0.8.22', '0.10.16', '0.8.8', '0.10.6', '0.8.10', '0.8.24', '0.10.3', '0.10.17', '0.8.19', '0.8.15', '0.8.7', '0.8.23', '0.10.12', '0.10.28', '0.10.8'}","[1, 1, 1, 1, 1, 1, 1, 1, 1, 1, 1, 1, 1, 1, 1, 1, 1, 1, 1, 1, 1, 1, 1, 1, 1, 1, 1, 1, 1, 1, 1, 1, 1, 1, 1, 1, 1, 1, 1, 1, 1, 1, 1, 1, 1, 1, 1, 1, 1, 1, 1, 1, 1, 1, 1, 1, 1, 1]",{'*'},[58]
CVE-2014-6394,True,"visionmedia send before 0.8.4 for Node.js uses a partial comparison for verifying whether a directory is within the document root, which allows remote attackers to access restricted directories, as demonstrated using ""public-restricted"" under a ""public"" directory.",36,apple,0,xcode,0,7.0,0,"{'o', 'a'}","[3, 5]","{'fedoraproject', 'apple', 'joyent'}","[3, 1, 4]","{'node.js', 'fedora', 'xcode'}","[4, 3, 1]","{'*', '20', '7.0', '0.8.0', '21', '19', '0.8.1', '0.8.2'}","[1, 1, 1, 1, 1, 1, 1, 1]",{'*'},[8]
CVE-2014-7191,True,"The qs module before 1.0.0 in Node.js does not call the compact function for array data, which allows remote attackers to cause a denial of service (memory consumption) by using a large index value to create a sparse array.",39,nodejs,0,node.js,0,0.10.18,0,{'a'},[1],{'nodejs'},[1],{'node.js'},[1],{'*'},[1],{'*'},[1]
CVE-2014-7192,True,"Eval injection vulnerability in index.js in the syntax-error package before 1.1.1 for Node.js 0.10.x, as used in IBM Rational Application Developer and other products, allows remote attackers to execute arbitrary code via a crafted file.",35,joyent,0,node.js,0,0.10.32,0,{'a'},[1],{'joyent'},[1],{'node.js'},[1],{'*'},[1],{'*'},[1]
CVE-2014-9772,True,The validator package before 2.0.0 for Node.js allows remote attackers to bypass the cross-site scripting (XSS) filter via hex-encoded characters.,20,nodejs,0,node.js,0,1.8.4,0,{'a'},[1],{'nodejs'},[1],{'node.js'},[1],{'*'},[1],{'*'},[1]
CVE-2013-4450,True,The HTTP server in Node.js 0.10.x before 0.10.21 and 0.8.x before 0.8.26 allows remote attackers to cause a denial of service (memory and CPU consumption) by sending a large number of pipelined requests without reading the response.,37,nodejs,0,nodejs,0,"0.8.0,0.8.1,0.8.2,0.8.3,0.8.4,0.8.5,0.8.6,0.8.7,0.8.8,0.8.9,0.8.10,0.8.11,0.8.12,0.8.13,0.8.14,0.8.15,0.8.16,0.8.17,0.8.18,0.8.19,0.8.20,0.8.21,0.8.22,0.8.23,0.8.24,0.8.25,0.10.0,0.10.1,0.10.2,0.10.3,0.10.4,0.10.5,0.10.6,0.10.7,0.10.8,0.10.9,0.10.10,0.10.11,0.10.12,0.10.13,0.10.14,0.10.15,0.10.16,0.10.17,0.10.18,0.10.19,0.10.20",0,{'a'},[47],{'nodejs'},[47],{'nodejs'},[47],"{'0.8.16', '0.10.10', '0.8.0', '0.8.13', '0.10.0', '0.10.19', '0.8.11', '0.10.11', '0.8.25', '0.8.2', '0.8.3', '0.10.7', '0.10.13', '0.10.20', '0.8.9', '0.8.5', '0.10.9', '0.8.1', '0.10.4', '0.8.4', '0.10.18', '0.8.20', '0.8.14', '0.8.21', '0.10.14', '0.10.1', '0.10.15', '0.8.17', '0.10.2', '0.8.12', '0.8.6', '0.10.5', '0.8.18', '0.8.22', '0.10.16', '0.8.8', '0.10.6', '0.8.10', '0.8.24', '0.10.3', '0.10.17', '0.8.19', '0.8.15', '0.8.7', '0.8.23', '0.10.12', '0.10.8'}","[1, 1, 1, 1, 1, 1, 1, 1, 1, 1, 1, 1, 1, 1, 1, 1, 1, 1, 1, 1, 1, 1, 1, 1, 1, 1, 1, 1, 1, 1, 1, 1, 1, 1, 1, 1, 1, 1, 1, 1, 1, 1, 1, 1, 1, 1, 1]",{'*'},[47]
CVE-2013-7451,True,The validator module before 1.1.0 for Node.js allows remote attackers to bypass the XSS filter via a nested tag.,19,nodejs,0,node.js,0,1.0.4,0,{'a'},[1],{'nodejs'},[1],{'node.js'},[1],{'1.0.4'},[1],{'*'},[1]
CVE-2013-7452,True,The validator module before 1.1.0 for Node.js allows remote attackers to bypass the cross-site scripting (XSS) filter via a crafted javascript URI.,22,nodejs,0,node.js,0,1.0.4,0,{'a'},[1],{'nodejs'},[1],{'node.js'},[1],{'*'},[1],{'*'},[1]
CVE-2013-7453,True,The validator module before 1.1.0 for Node.js allows remote attackers to bypass the cross-site scripting (XSS) filter via vectors related to UI redressing.,23,nodejs,0,node.js,0,1.0.4,0,{'a'},[1],{'nodejs'},[1],{'node.js'},[1],{'*'},[1],{'*'},[1]
CVE-2013-7454,True,The validator module before 1.1.0 for Node.js allows remote attackers to bypass the cross-site scripting (XSS) filter via nested forbidden strings.,21,nodejs,0,node.js,0,1.0.4,0,{'a'},[1],{'nodejs'},[1],{'node.js'},[1],{'*'},[1],{'*'},[1]
CVE-2012-2330,True,"The Update method in src/node_http_parser.cc in Node.js before 0.6.17 and 0.7 before 0.7.8 does not properly check the length of a string, which allows remote attackers to obtain sensitive information (request header contents) and possibly spoof HTTP headers via a zero length string.",43,nodejs,0,nodejs,0,"0.6.16,0.7.0,0.7.1,0.7.2,0.7.3,0.7.4,0.7.5,0.7.6,0.7.7",0,{'a'},[9],{'nodejs'},[9],{'nodejs'},[9],"{'*', '0.7.2', '0.7.6', '0.7.7', '0.7.3', '0.7.1', '0.7.5', '0.7.0', '0.7.4'}","[1, 1, 1, 1, 1, 1, 1, 1, 1]",{'*'},[9]
